Username,First Name,Last Name,Phone,Age,Camp_ID,Availability
volunteer1,Devanbn,Govan,133114,18,C12345,1001001
volunteer2,Dave,Smith,2,25,C23456,1001
volunteer3,Sara,Johnson,3,40,C34567,1001
volunteer5,Helen,White,12345678,25,C67890,0000000
volunteer4,Amy,Green,666888999,50,C23456,0000000
Sunny2001,Sunny,Wang,12345678,55,C90123,0000000
Wendy1999,Wendy,Green,07856745756,36,C56789,0000000
volunteer8,David,Wang,123456999,67,C01234,0000000
volunteer10,Vicky,Wang,674534009,65,C45678,0000000
volunteer11,Lily,Qian,67549900,54,C67890,0000000
volunteer12,David,Zhang,12345678,35,C67890,0000000
volunteer13,Hii,Li,675400998,25,C12345,0000000
